DataStructure,N,Operation,Position,OperationsCount,AvgTimeNs,AvgMovements,AvgAccesses,TheoreticalComplexity
DynamicArray,100,Insert,0,100,140260,14950,15050,Theta(n)
DynamicArray,100,Remove,0,100,72940,4950,5050,Theta(n)
DynamicArray,100,Insert,Middle,100,28940,7500,7600,Theta(n)
DynamicArray,100,Remove,Middle,100,11080,2450,2550,Theta(n)
LinkedList,100,Insert,0,100,23040,100,100,Theta(1)
LinkedList,100,Remove,0,100,21200,100,100,Theta(1)
LinkedList,100,Insert,Middle,100,17740,100,7500,Theta(n)
LinkedList,100,Remove,Middle,100,24280,100,2550,Theta(n)
DynamicArray,1000,Insert,0,1000,1570920,1499500,1500500,Theta(n)
DynamicArray,1000,Remove,0,1000,104820,499500,500500,Theta(n)
DynamicArray,1000,Insert,Middle,1000,154620,750000,751000,Theta(n)
DynamicArray,1000,Remove,Middle,1000,75480,249500,250500,Theta(n)
LinkedList,1000,Insert,0,1000,85500,1000,1000,Theta(1)
LinkedList,1000,Remove,0,1000,24500,1000,1000,Theta(1)
LinkedList,1000,Insert,Middle,1000,903940,1000,750000,Theta(n)
LinkedList,1000,Remove,Middle,1000,315480,1000,250500,Theta(n)
DynamicArray,10000,Insert,0,1000,1774300,10499500,10500500,Theta(n)
DynamicArray,10000,Remove,0,1000,1655660,9499500,9500500,Theta(n)
DynamicArray,10000,Insert,Middle,1000,906860,5250000,5251000,Theta(n)
DynamicArray,10000,Remove,Middle,1000,815160,4749500,4750500,Theta(n)
LinkedList,10000,Insert,0,1000,19060,1000,1000,Theta(1)
LinkedList,10000,Remove,0,1000,12080,1000,1000,Theta(1)
LinkedList,10000,Insert,Middle,1000,9809840,1000,5250000,Theta(n)
LinkedList,10000,Remove,Middle,1000,14019860,1000,4750500,Theta(n)
DynamicArray,100000,Insert,0,1000,25572080,100499500,100500500,Theta(n)
DynamicArray,100000,Remove,0,1000,33248000,99499500,99500500,Theta(n)
DynamicArray,100000,Insert,Middle,1000,12487180,50250000,50251000,Theta(n)
DynamicArray,100000,Remove,Middle,1000,17011120,49749500,49750500,Theta(n)
LinkedList,100000,Insert,0,1000,6360,1000,1000,Theta(1)
LinkedList,100000,Remove,0,1000,6220,1000,1000,Theta(1)
LinkedList,100000,Insert,Middle,1000,67817200,1000,50250000,Theta(n)
LinkedList,100000,Remove,Middle,1000,67592900,1000,49750500,Theta(n)
